{
  "10": 0.9259259259259259,
  "8": 0.8846153846153846,
  "4": 0.8846153846153846,
  "13": 0.8275862068965517,
  "14": 0.8181818181818182,
  "39": 0.96,
  "37": 0.9259259259259259,
  "23": 0.9230769230769231,
  "31": 0.84375,
  "38": 1.0,
  "30": 0.8484848484848485,
  "33": 0.90625,
  "35": 0.9642857142857143,
  "50": 0.8461538461538461,
  "44": 0.9642857142857143,
  "45": 0.9655172413793104,
  "15": 0.8518518518518519,
  "42": 0.9615384615384616,
  "82": 0.9230769230769231,
  "18": 0.96,
  "40": 0.8888888888888888,
  "9": 0.9583333333333334,
  "43": 1.0,
  "63": 0.78125,
  "77": 0.9285714285714286,
  "58": 1.0,
  "83": 0.9230769230769231,
  "52": 0.9642857142857143,
  "55": 0.896551724137931,
  "41": 0.8888888888888888,
  "76": 0.8888888888888888,
  "5": 0.8571428571428571,
  "47": 1.0,
  "75": 0.96,
  "1": 1.0,
  "78": 0.8888888888888888,
  "74": 0.8888888888888888,
  "62": 0.9583333333333334,
  "49": 0.9230769230769231,
  "24": 0.8,
  "64": 0.9166666666666666,
  "25": 0.9583333333333334,
  "71": 1.0,
  "73": 0.9565217391304348,
  "29": 1.0,
  "26": 0.9166666666666666,
  "19": 0.9565217391304348,
  "79": 0.896551724137931,
  "6": 0.9629629629629629,
  "72": 1.0,
  "54": 0.9615384615384616,
  "81": 0.9333333333333333,
  "17": 0.9583333333333334,
  "28": 0.96,
  "59": 0.8666666666666667,
  "12": 0.8928571428571429,
  "36": 0.92,
  "11": 0.8888888888888888,
  "7": 0.9615384615384616,
  "70": 0.8666666666666667,
  "46": 1.0,
  "22": 0.9259259259259259,
  "68": 0.8888888888888888,
  "66": 0.9545454545454546,
  "27": 0.9230769230769231,
  "32": 0.96,
  "20": 0.9230769230769231,
  "80": 0.9259259259259259,
  "16": 0.9583333333333334,
  "56": 0.92,
  "60": 0.9259259259259259,
  "51": 0.92,
  "53": 0.9230769230769231,
  "21": 0.9230769230769231,
  "65": 0.8888888888888888,
  "34": 0.96,
  "61": 0.9583333333333334,
  "57": 0.9583333333333334,
  "2": 0.96,
  "3": 0.96,
  "48": 0.96,
  "69": 0.9583333333333334,
  "67": 0.9230769230769231
}