{
  "('ebu3b', 'ap_m')": {
    "ns": [
      200,
      0
    ],
    "sample_numbers": [
      0,
      5,
      10,
      15,
      20,
      25,
      30,
      35,
      40,
      45
    ],
    "avg_acc": [
      64.0946923825828,
      80.15412633225775,
      84.52907193643169,
      86.61980045429478,
      87.18519756478888,
      88.05501636349665,
      90.15660811617649,
      90.47389989321688,
      89.86053028982981,
      91.16833327787208
    ],
    "std_acc": [
      0.8500122966054832,
      2.4354912811355436,
      0.8352938975518369,
      0.4170883198436842,
      0.9122704487538339,
      0.6612692985284641,
      0.6512418895728016,
      0.4451839226426712,
      0.7690231007980785,
      0.5653569513763455
    ],
    "avg_mf1": [
      17.056381208703012,
      18.322275609725093,
      19.495853762810487,
      20.056412443644145,
      20.067357387499083,
      21.811817959343344,
      21.86439446267397,
      23.539117708576146,
      23.084293848716698,
      24.100135919942744
    ],
    "std_mf1": [
      0.6961478883306127,
      0.5324841560807946,
      0.39629525069509797,
      0.961510390785021,
      0.8353057886181071,
      0.6656910252216733,
      0.5656193882028417,
      0.9049658090409609,
      0.6086028346717686,
      0.9786418542739894
    ]
  },
  "('ap_m', 'bml')": {
    "ns": [
      200,
      0
    ],
    "sample_numbers": [
      0,
      5,
      10,
      15,
      20,
      25,
      30,
      35,
      40,
      45
    ],
    "avg_acc": [
      63.39957402457403,
      82.97492217893468,
      85.74894401043827,
      86.78479618958927,
      87.30052090280559,
      88.45556767555189,
      89.93291262298654,
      89.6169448015663,
      89.85583836035005,
      90.39601231658177
    ],
    "std_acc": [
      1.9827631860732475,
      1.5156598463398565,
      0.7022577217405184,
      0.26615898360932133,
      0.37644108955411687,
      0.5041525014443976,
      0.8524549550319431,
      0.7819144243021031,
      0.5394207127198979,
      0.2847934127668514
    ],
    "avg_mf1": [
      23.120108688949344,
      23.95778343562659,
      25.207398583671374,
      24.83123035458063,
      25.542806599744626,
      25.71931999569456,
      27.9881289967131,
      28.00623846371243,
      29.059190566860014,
      29.818823618716625
    ],
    "std_mf1": [
      1.0780495223022522,
      0.6750740299661359,
      0.7794835873593309,
      1.1051600510056947,
      0.9923749583561996,
      0.5596097950225914,
      1.4675164547191502,
      1.5074190283573412,
      1.205046228256042,
      0.6893091720769106
    ]
  },
  "('ebu3b', 'ghc')": {
    "ns": [
      200,
      0
    ],
    "sample_numbers": [
      0,
      5,
      10,
      15,
      20,
      25,
      30,
      35,
      40,
      45
    ],
    "avg_acc": [
      43.07577125149771,
      67.37297003180981,
      70.5357742291277,
      72.1973630441576,
      75.17556913116124,
      77.16978529954176,
      79.71630819163882,
      79.53417028888727,
      82.02815106956211,
      81.8339597926989
    ],
    "std_acc": [
      0.534934676085012,
      1.3330432265678216,
      0.5998022944689985,
      1.4436604309084906,
      0.6561895345038119,
      1.3318649673975111,
      1.1598540172708465,
      1.3806603896882077,
      0.7897318659441236,
      0.8534786657178702
    ],
    "avg_mf1": [
      21.49199762447382,
      23.505753704966406,
      24.426900454124468,
      25.018011481608628,
      25.241396110691483,
      26.252270761684283,
      26.440862521194248,
      26.673941811542907,
      27.225716290294617,
      27.440132093464346
    ],
    "std_mf1": [
      0.6559545933392911,
      0.7068177651120503,
      0.7318098787051399,
      0.7812550228017394,
      0.47508301268025543,
      0.2520487932284576,
      0.5416625348911572,
      0.6274551518545808,
      0.7286741020447126,
      0.5176238040138703
    ]
  },
  "('ghc', 'ebu3b')": {
    "ns": [
      200,
      0
    ],
    "sample_numbers": [
      0,
      5,
      10,
      15,
      20,
      25,
      30,
      35,
      40,
      45
    ],
    "avg_acc": [
      38.850180519769694,
      78.21314119405531,
      80.63158348216253,
      82.51632542584083,
      83.72611763236763,
      85.1991207159903,
      85.87207485160182,
      86.25336589959232,
      86.09285565510004,
      86.84518385633199
    ],
    "std_acc": [
      0.2472856686133635,
      0.5538186189763584,
      0.8851738637177767,
      0.6155507167371019,
      0.9806033511375052,
      0.6136937857897219,
      0.49977935828896763,
      0.9540500406624893,
      1.0307414736957352,
      0.3559024911584133
    ],
    "avg_mf1": [
      11.468253690090322,
      15.912995742088782,
      17.211894284599612,
      18.750333881072123,
      20.239424853476592,
      21.68521683833289,
      22.927843729996656,
      23.686702646033556,
      24.135700563105058,
      26.445967028787607
    ],
    "std_mf1": [
      0.7345914167608196,
      0.5768532648233633,
      1.265093450469287,
      0.5971117074483467,
      0.8172231206819254,
      0.7917602500728811,
      0.6912970194504371,
      1.1926857060111404,
      0.8482787538425682,
      0.7868491331716069
    ]
  },
  "('ebu3b', 'bml', 'ap_m')": {
    "ns": [
      200,
      200,
      0
    ],
    "sample_numbers": [
      0,
      5,
      10,
      15,
      20,
      25,
      30,
      35,
      40,
      45
    ],
    "avg_acc": [
      76.44969750089479,
      84.67993254110333,
      88.29333291582215,
      88.99533638664074,
      89.16768801353034,
      89.6115580703572,
      91.55499262164726,
      92.28692357628296,
      92.3134311536233,
      92.99843653003842
    ],
    "std_acc": [
      1.649371735343221,
      1.7145709652854777,
      0.5569905502197857,
      0.48910019293958357,
      0.9523106478829869,
      0.44059527633491924,
      0.48108096358912183,
      0.3202385798144018,
      0.2699325733832829,
      0.4915100442333623
    ],
    "avg_mf1": [
      16.464662619251076,
      17.72586272556754,
      18.22834309372605,
      18.95267668461636,
      18.8927274040927,
      19.03003461369426,
      20.35148359197093,
      20.90742733792411,
      21.750001492543603,
      22.71217996398426
    ],
    "std_mf1": [
      0.5329698838222603,
      0.3274656993839565,
      0.6011369803083503,
      0.4139968899145698,
      0.9349219778892025,
      0.2915414014453511,
      0.38484051376784284,
      0.6154076480749017,
      0.40366276468389134,
      0.5850695625263163
    ]
  }
}