{
  "specification": {},
  "char_precision": 0.972463246864182,
  "phrase_precision": 0.9737222322557342,
  "phrase_recall": 0.9539945147306025
}