{
  "specification": {},
  "char_precision": 0.9937058849975273,
  "phrase_precision": 0.9950334115947264,
  "phrase_recall": 0.9881624966370729
}