{
  "specification": {},
  "char_precision": 0.9482486588829284,
  "phrase_precision": 0.9633866024518388,
  "phrase_recall": 0.923605645626738
}