{
  "specification": {},
  "char_precision": 0.9790441492871281,
  "phrase_precision": 0.9849496497373029,
  "phrase_recall": 0.9721802074330165
}