{
  "specification": {},
  "char_precision": 0.9490232077799133,
  "phrase_precision": 0.9640433450087565,
  "phrase_recall": 0.9191234020349596
}