{
  "specification": {},
  "char_precision": 0.7029177718832891,
  "phrase_precision": 0.673469387755102,
  "phrase_recall": 0.554993302574788
}